id,城市,市区,标题,户型,面积,方位,楼层,时间,所属小区,所属区域,总价,均价,房龄
2036,fuzhou,台江,望熙雅筑  90平   一套精装在售 端头户型 三房,3 室 2 厅 1 卫,89㎡,南北,中层(共20层),2025年建造,榕发望熙雅筑A区,台江 万宝 交通西路,188万,21124元/㎡,2025年建造
2037,fuzhou,台江,急售！望熙雅筑高层东端头 社区中心看花园 诚意出价格可以谈,3 室 2 厅 2 卫,105㎡,南北,中层(共34层),2025年建造,榕发望熙雅筑A区,台江 万宝 交通西路,200万,19048元/㎡,2025年建造
2038,fuzhou,仓山,单价2.2万购，白湖亭纯商洋楼，电梯高层，毛坯四房，一梯一户,4 室 2 厅 2 卫,114.02㎡,南北,低层(共15层),2025年建造,建总江南尚璟,仓山 连江南路 东藤路,260万,22804元/㎡,2025年建造
2039,fuzhou,晋安,国贸保利和颂锦原 次新房 居住密度低 三房两卫 动静分离热门,3 室 2 厅 2 卫,95㎡,南北,低层(共18层),2025年建造,国贸保利和颂锦原,晋安 五四北 坂中路,198万,20843元/㎡,2025年建造
2040,fuzhou,仓山,首开榕耀之城，城门板块双地铁口，端户三房，纯商品房，业主急售,3 室 2 厅 2 卫,89.27㎡,南北,低层(共13层),2025年建造,首开融创榕耀之城B区,仓山 福峡路 螺城路48号,119万,13331元/㎡,2025年建造
2041,fuzhou,仓山,急售  ，城门附近双地铁，首开榕耀之城洋房刚需  来电享团购,3 室 2 厅 2 卫,89㎡,南北,中层(共11层),2024年建造,首开融创榕耀之城B区,仓山 福峡路 螺城路48号,116万,13034元/㎡,2024年建造
2042,fuzhou,晋安,万科金域时代 豪华精装 交通便捷 医疗配套成熟 次新小区,1 室 1 厅 1 卫,45㎡,南,低层(共33层),2024年建造,万科金域时代,晋安 火车站 茶园横路8号,79万,17556元/㎡,2024年建造
2043,fuzhou,闽侯,房东包税丨上街省委党校对面丨洋房小区丨公摊小丨南北通透,3 室 2 厅 2 卫,83㎡,南北,低层(共12层),2024年建造,恒荣蓝泽悦滨江,闽侯 上街 侯官大道9号,80万,9639元/㎡,2024年建造
2044,fuzhou,仓山,新出 首开融创榕耀之城 精装三居室 近地铁 双卫生间 好楼层,3 室 1 厅 2 卫,86㎡,南北,中层(共11层),2024年建造,首开融创榕耀之城B区,仓山 福峡路 螺城路48号,112万,13024元/㎡,2024年建造
2045,fuzhou,仓山,急！就这1套！精装三房双卫 端头中间层 南北通透丨榕耀之城,3 室 2 厅 2 卫,89㎡,南北,高层(共11层),2025年建造,首开融创榕耀之城B区,仓山 福峡路 螺城路48号,115.8万,13012元/㎡,2025年建造
2046,fuzhou,台江,榕发望熙雅筑A区 小三房 近地铁 出行方便 带电梯 次新小区,3 室 2 厅 1 卫,89㎡,南北,低层(共32层),2025年建造,榕发望熙雅筑A区,台江 万宝 交通西路,143万,16068元/㎡,2025年建造
2047,fuzhou,仓山,金山地铁口必看房源！品质社区！全屋大金中央空调精装现房！,4 室 2 厅 2 卫,132㎡,南北,高层(共18层),2024年建造,万科城市之光,仓山 金山大道 妙高路,N/A,N/A,2024年建造
2048,fuzhou,台江,望熙雅筑B区 2室2厅1卫,2 室 2 厅 1 卫,60㎡,西北,高层(共24层),2026年建造,榕发望熙雅筑B区,台江 万宝 交通西路,115万,19167元/㎡,2026年建造
2049,fuzhou,仓山,远洋天赋 精装可拎包入住 楼层好 车位充足 近地铁 产权清晰,4 室 2 厅 2 卫,132㎡,南北,中层(共18层),2024年建造,远洋天赋,仓山 火车南站 南江滨东大道,120万,9091元/㎡,2024年建造
2050,fuzhou,台江,万象城背后次新楼盘 全新精装修未入住 2房 全明户型 急出中,2 室 1 厅 1 卫,75㎡,南北,低层(共32层),2026年建造,榕发望熙雅筑B区,台江 万宝 交通西路,129.2万,17227元/㎡,2026年建造
2051,fuzhou,仓山,次新房 商品住宅 低密宜居 双卫生间 装修好 小三居,3 室 2 厅 2 卫,89㎡,南北,高层(共15层),2025年建造,左海望悦,仓山 则徐大道 双洲路1号,199万,22360元/㎡,2025年建造
2052,fuzhou,仓山,诚意出售市中心1号线地铁口  左海望悦89精装3房拎包入住,3 室 2 厅 2 卫,89㎡,南北,低层(共15层),2024年建造,左海望悦,仓山 则徐大道 双洲路1号,189万,21236元/㎡,2024年建造
2053,fuzhou,仓山,业主急售丨中骏世界城丨中骏商城边丨三叉街地铁口丨双商圈丨急售,3 室 2 厅 2 卫,96.14㎡,南北,中层(共16层),2024年建造,中骏世界城璟悦(一期),仓山 三叉街 利民路10号,198万,20595元/㎡,2024年建造
2054,fuzhou,台江,新出万象城地铁口旁2026年社区望熙雅筑电梯高层三房,3 室 2 厅 1 卫,88.6㎡,南北,高层(共24层),2026年建造,榕发望熙雅筑A区,台江 万宝 交通西路,143万,16140元/㎡,2026年建造
2055,fuzhou,仓山,商圈成熟 商品房 次新房 近地铁 南北通透 交通便捷,4 室 2 厅 2 卫,120.78㎡,南北,高层(共16层),2024年建造,大东海中央府A区,仓山 则徐大道 郭宅路,120万,9936元/㎡,2024年建造
2056,fuzhou,晋安,中海品质住宅，晋安湖旁，低密次新社区，四号线地铁口，业主急售,3 室 2 厅 2 卫,100㎡,南北,高层(共20层),2024年建造,中海叁号院B区,晋安 前横路 鱼山路3号,235万,23500元/㎡,2024年建造
2057,fuzhou,台江,急！阳光十足 望熙B区 高层三房两卫 房东诚意出 价格可以谈,3 室 2 厅 2 卫,105㎡,南北,高层(共32层),2025年建造,榕发望熙雅筑B区,台江 万宝 交通西路,203万,19334元/㎡,2025年建造
2058,fuzhou,晋安,建总云璟未来！近鼓楼国企品质楼盘！高层视野好！1号F1双地铁,3 室 2 厅 2 卫,89㎡,南北,中层(共27层),2026年建造,建总云璟未来,晋安 火车站 站西路63号,189万,21236元/㎡,2026年建造
2059,fuzhou,晋安,惊！     实景现房 火车站地铁口,3 室 2 厅 2 卫,89.83㎡,南北,低层(共23层),2026年建造,建总云璟未来,晋安 火车站 站西路63号,189万,21040元/㎡,2026年建造
2060,fuzhou,晋安,晋安区国企三房 次新小区 纯商品住宅 火车北站旁,3 室 2 厅 2 卫,89㎡,南北,高层(共27层),2026年建造,建总云璟未来,晋安 火车站 站西路63号,187万,21012元/㎡,2026年建造
2061,fuzhou,闽侯,万科城市花园 3室2厅2卫,3 室 2 厅 2 卫,87㎡,南,高层(共27层),2024年建造,万科城市花园,闽侯 荆溪 荆溪东大道62号,61万,7012元/㎡,2024年建造
2062,fuzhou,晋安,中海品质住宅，晋安湖旁，生态环境宜居，低密度小高层，中间楼层,4 室 2 厅 2 卫,125㎡,南,低层(共18层),2024年建造,中海叁号院B区,晋安 前横路 鱼山路3号,300万,24000元/㎡,2024年建造
2063,fuzhou,晋安,南北通透东边户全明长阳台前屿站二号线四号线双地铁口品质社区,4 室 2 厅 2 卫,115㎡,南北,中层(共25层),2024年建造,保利云上,晋安 鼓山 福马路,245万,21305元/㎡,2024年建造
2064,fuzhou,晋安,五里亭，地铁口，大东海玺悦，东端头户型，出行方便，诚意出售。,4 室 2 厅 2 卫,118㎡,南北,低层(共20层),2025年建造,大东海玺悦,晋安 王庄 藕塘巷8号,253万,21441元/㎡,2025年建造
2065,fuzhou,晋安,晋安湖双地铁口丨央企改善社区品质丨豪装交付丨急售可谈,4 室 2 厅 2 卫,115㎡,南北,中层(共27层),2024年建造,保利云上,晋安 鼓山 福马路,223万,19392元/㎡,2024年建造
2066,fuzhou,仓山,急售白湖亭地铁口 端头大4房精装现房  下楼  广场,4 室 2 厅 2 卫,106.77㎡,南北,高层(共15层),2025年建造,左海望悦,仓山 则徐大道 双洲路1号,230万,21542元/㎡,2025年建造
2067,fuzhou,连江,毛坯三方周边配套齐全,3 室 1 厅 2 卫,89㎡,南,中层(共25层),2025年建造,恒宇国际尚悦,连江 县城 站东路10号,80万,8989元/㎡,2025年建造
2068,fuzhou,晋安,榕发观湖郡 商圈成熟 近地铁 双卫格局 交通便利 停车方便,3 室 2 厅 2 卫,88.02㎡,南北,高层(共15层),2024年建造,榕发观湖郡,晋安 东二环 化工路238号,248万,28176元/㎡,2024年建造
2069,fuzhou,晋安,锦鸿佳园 中间楼层采光好 交通便捷 带电梯 精装修 商品住宅,1 室 1 厅 1 卫,45㎡,南北,中层(共33层),2024年建造,锦鸿佳园,晋安 福马路 七贤路2号,77万,17112元/㎡,2024年建造
2070,fuzhou,台江,西二环 榕发望熙雅筑 中楼层2房 在售 有诚意的一套有钥匙,2 室 2 厅 1 卫,58㎡,南北,中层(共28层),2025年建造,榕发望熙雅筑A区,台江 万宝 交通西路,98万,16897元/㎡,2025年建造
2071,fuzhou,晋安,二环内五里亭！国企左海现房！地铁2号线端头3房2卫，看房方便,3 室 2 厅 2 卫,89㎡,南北,高层(共33层),2026年建造,左海星悦颂,晋安 王庄 秀坂路9号,235万,26405元/㎡,2026年建造
2072,fuzhou,仓山,次新小区 有电梯 商品住宅 出行方便 双卫生间 近地铁,4 室 2 厅 2 卫,132㎡,南,中层(共18层),2025年建造,万科城市之光,仓山 金山大道 妙高路,330万,25000元/㎡,2025年建造
2073,fuzhou,仓山,新出 单价不过万 3.1层高 1T1H 地铁   广场,4 室 2 厅 2 卫,132.75㎡,南北,中层(共15层),2025年建造,大东海中央公馆,仓山 则徐大道 郭宅路,124万,9341元/㎡,2025年建造
2074,fuzhou,晋安,超低密度 楼层好 精装四房南北通透 有电梯 双卫 诚心出售,4 室 2 厅 2 卫,109㎡,南北,中层(共27层),2026年建造,建总云璟未来,晋安 火车站 站西路63号,270万,24771元/㎡,2026年建造
2075,fuzhou,晋安,保利招商品质住宅，五里亭地铁口，一梯一户，业主急售，拎包入住,3 室 2 厅 2 卫,108㎡,南,低层(共18层),2024年建造,保利招商和樾风华,晋安 王庄 连洋西路,282万,26112元/㎡,2024年建造
2076,fuzhou,仓山,建发玺云诚意出售价格可谈头排视野采光好,4 室 2 厅 2 卫,149㎡,西南,低层(共17层),2024年建造,建发玺云,仓山 仓山万达 凤岗路,460万,30873元/㎡,2024年建造
2077,fuzhou,仓山,南二环地铁口丨一梯一户丨单价不过万丨现房急售丨中骏万达商圈,3 室 2 厅 2 卫,113.73㎡,南北,中层(共14层),2025年建造,大东海中央公馆,仓山 则徐大道 郭宅路,114万,10024元/㎡,2025年建造
2078,fuzhou,晋安,新榕金鼓郡 带电梯 临地铁 小三房 次新房 中间楼层采光好,3 室 2 厅 2 卫,90㎡,南北,高层(共8层),2025年建造,新榕金鼓郡,晋安 鼓山 东三路66号,92万,10223元/㎡,2025年建造
2079,fuzhou,仓山,则徐大道 商品房 停车方便 南北通透 精装修 近地铁,4 室 2 厅 2 卫,126.82㎡,南北,低层(共16层),2025年建造,融信海纳新潮,仓山 则徐大道 则徐大道,199万,15692元/㎡,2025年建造
2080,fuzhou,晋安,次新小区 停车方便 近地铁 南北通透 精装修 高楼层采光充足,1 室 2 厅 1 卫,106.56㎡,南北,高层(共15层),2024年建造,榕发观湖郡,晋安 东二环 化工路238号,300万,28154元/㎡,2024年建造
2081,fuzhou,仓山,中骏世界城 近滨海快线 端头户型 精装修 视野很好 看房方便,4 室 2 厅 2 卫,127.53㎡,南北,中层(共16层),2024年建造,中骏世界城璟悦(一期),仓山 三叉街 利民路10号,268万,21015元/㎡,2024年建造
2082,fuzhou,连江,温泉入户四代空中花园.高楼层 东三彩.看房有钥匙.,3 室 2 厅 2 卫,116㎡,南,高层(共17层),2026年建造,江山天悦,连江 县城 金凤北路32号,129万,11121元/㎡,2026年建造
2083,fuzhou,台江,苏万宝商圈 毛坯单身公寓 近宁化地铁 核心路段 通勤便利,1 室 1 厅 1 卫,45㎡,南北,高层(共15层),2024年建造,新璟阁,台江 万宝 宁化路7号,69万,15334元/㎡,2024年建造
2084,fuzhou,马尾,江滨中学旁 名城悦郡 精装好房 商品住宅 交通便捷 小三居,3 室 2 厅 1 卫,57㎡,南北,低层(共30层),2024年建造,名城悦郡,马尾 江滨东大道 船政路99号,70万,12281元/㎡,2024年建造
2085,fuzhou,晋安,急！晋安五里亭 地铁口丨现房 一梯一户丨中低层 安静南北通透,4 室 2 厅 2 卫,111㎡,南北,低层(共18层),2025年建造,左海星悦颂,晋安 王庄 秀坂路9号,292万,26307元/㎡,2025年建造
2086,fuzhou,晋安,榕发观湖郡 小三居 次新小区 停车方便 正规商品房 南北通透,3 室 2 厅 2 卫,99.07㎡,南北,低层(共24层),2024年建造,榕发观湖郡,晋安 东二环 化工路238号,298万,30080元/㎡,2024年建造
2087,fuzhou,仓山,新出 带大花园 现房 改善大平层 江南尚璟,4 室 2 厅 3 卫,125.37㎡,南北,低层(共8层),2025年建造,建总江南尚璟,仓山 连江南路 东藤路,295万,23531元/㎡,2025年建造
2088,fuzhou,仓山,星璟原A区 大两房 诚意出售,2 室 2 厅 1 卫,73.3㎡,南北,高层(共22层),2024年建造,象屿国贸星璟原,仓山 火车南站 庵前二路,73万,9960元/㎡,2024年建造
2089,fuzhou,仓山,商场旁！南二环地铁口！一梯一户！民用水电燃气入户,3 室 2 厅 2 卫,112.61㎡,南北,高层(共15层),2025年建造,大东海中央公馆,仓山 则徐大道 郭宅路,103万,9147元/㎡,2025年建造
2090,fuzhou,仓山,仓山区！地铁口   ！精装交付现房！南北通透！  即住,3 室 2 厅 2 卫,95㎡,南北,中层(共7层),2024年建造,福州滨江左岸,仓山 白湖亭 南三环路,98万,10316元/㎡,2024年建造
2091,fuzhou,平潭,金地天禧 小三居 南北通透 商品住宅 有电梯 精装修,3 室 2 厅 2 卫,107㎡,南北,高层(共17层),2025年建造,金地天禧,平潭 岚城片区 龙凤中路6号,135万,12617元/㎡,2025年建造
2092,fuzhou,晋安,五里亭地铁口 一梯一户 低密纯商现房 配套齐全 出行方便！,4 室 2 厅 2 卫,112.91㎡,南北,低层(共18层),2026年建造,左海星悦颂,晋安 王庄 秀坂路9号,293.8万,26021元/㎡,2026年建造
2093,fuzhou,晋安,五里亭地铁口！户型方正一梯一户！来电立剪30 ！手续清晰,4 室 2 厅 2 卫,111㎡,南北,低层(共18层),2026年建造,左海星悦颂,晋安 王庄 秀坂路9号,289万,26037元/㎡,2026年建造
2094,fuzhou,仓山,价格可谈！临地铁，交通便利，央企精装现房，双卫格局，带电梯,3 室 2 厅 2 卫,97㎡,南北,低层(共7层),2024年建造,福州滨江左岸,仓山 白湖亭 南三环路,95万,9794元/㎡,2024年建造
2095,fuzhou,仓山,远洋天赋132平方！精装现房拎包入住！4房2厅2卫  即住,4 室 2 厅 2 卫,132㎡,南北,低层(共18层),2024年建造,远洋天赋,仓山 火车南站 南江滨东大道,135万,10228元/㎡,2024年建造
2096,fuzhou,晋安,保利新房一梯一户丨4开间朝南丨精装修送重要空调丨有车位,4 室 2 厅 2 卫,130㎡,南北,高层(共18层),2025年建造,保利招商和樾风华,晋安 王庄 连洋西路,419万,32231元/㎡,2025年建造
2097,fuzhou,仓山,浦上万达 建发玺云四房488万,4 室 2 厅 2 卫,149㎡,西南,高层(共26层),2024年建造,建发玺云,仓山 仓山万达 凤岗路,488万,32752元/㎡,2024年建造
2098,fuzhou,晋安,总价70万 急售 价格可谈 单价 9000即可 精装拎包入住,3 室 2 厅 2 卫,80.05㎡,南北,高层(共17层),2026年建造,福州熙悦府,晋安 五四北 泉头村,80.5万,10057元/㎡,2026年建造
2099,fuzhou,仓山,仓山区精装现房丨低总价大三房丨三条地铁交汇丨急售丨可谈价,2 室 1 厅 1 卫,68㎡,南北,高层(共13层),2024年建造,首开融创榕耀之城B区,仓山 福峡路 螺城路48号,89万,13089元/㎡,2024年建造
2100,fuzhou,仓山,仁彬实拍 白湖亭 精装修房 次新房 拎包入住  采光足,2 室 2 厅 1 卫,75㎡,南北,低层(共15层),2024年建造,园书新苑,仓山 连江南路 北园路,70万,9334元/㎡,2024年建造
2101,fuzhou,马尾,中建元亨府 双卫生间 次新小区 出行方便 临地铁 朝南,3 室 2 厅 2 卫,147.92㎡,南,低层(共32层),2024年建造,中建元亨府,马尾 江滨东大道 葆祯路99号,178万,12034元/㎡,2024年建造
2102,fuzhou,仓山,远洋天赋 精装可拎包入住 楼层好 车位充足 近地铁 产权清晰,4 室 2 厅 2 卫,132㎡,南北,中层(共18层),2024年建造,远洋天赋,仓山 火车南站 南江滨东大道,120万,9091元/㎡,2024年建造
2103,fuzhou,仓山,商圈成熟 商品房 次新房 近地铁 南北通透 交通便捷,4 室 2 厅 2 卫,120.78㎡,南北,高层(共16层),2024年建造,大东海中央府A区,仓山 则徐大道 郭宅路,120万,9936元/㎡,2024年建造
2104,fuzhou,马尾,名城悦郡 临地铁 精装修 满五唯一 新房 商品房,2 室 2 厅 1 卫,45㎡,南北,低层(共30层),2024年建造,名城悦郡,马尾 江滨东大道 船政路99号,60万,13334元/㎡,2024年建造
2105,fuzhou,闽侯,万科城市花园 3室2厅2卫,3 室 2 厅 2 卫,87㎡,南,高层(共27层),2024年建造,万科城市花园,闽侯 荆溪 荆溪东大道62号,61万,7012元/㎡,2024年建造
2106,fuzhou,连江,毛坯三方周边配套齐全,3 室 1 厅 2 卫,89㎡,南,中层(共25层),2025年建造,恒宇国际尚悦,连江 县城 站东路10号,80万,8989元/㎡,2025年建造
2107,fuzhou,仓山,新出 单价不过万 3.1层高 1T1H 地铁   广场,4 室 2 厅 2 卫,132.75㎡,南北,中层(共15层),2025年建造,大东海中央公馆,仓山 则徐大道 郭宅路,124万,9341元/㎡,2025年建造
2108,fuzhou,闽侯,房东包税丨上街省委党校对面丨洋房小区丨公摊小丨南北通透,3 室 2 厅 2 卫,83㎡,南北,低层(共12层),2024年建造,恒荣蓝泽悦滨江,闽侯 上街 侯官大道9号,80万,9639元/㎡,2024年建造
2109,fuzhou,仓山,急！就这1套！精装三房双卫 端头中间层 南北通透丨榕耀之城,3 室 2 厅 2 卫,89㎡,南北,高层(共11层),2025年建造,首开融创榕耀之城B区,仓山 福峡路 螺城路48号,115.8万,13012元/㎡,2025年建造
2110,fuzhou,平潭,璀璨天城 91平 7900,3 室 2 厅 1 卫,91㎡,南北,高层(共33层),2025年建造,平潭世茂璀璨天城,平潭 金井湾 如意纵一路1号,72万,7913元/㎡,2025年建造
2111,fuzhou,台江,国贸天琴樾 四代生态住宅 精装四房三卫 双露台 新小区 台江,4 室 2 厅 3 卫,185㎡,南北,高层(共32层),2024年建造,国贸天琴樾,台江 万宝 斗池路,740万,40000元/㎡,2024年建造
2112,fuzhou,台江,万宝 商圈成熟 带电梯 交通便利 次新房 东南户型 近地铁,4 室 2 厅 3 卫,188㎡,东南,中层(共32层),2026年建造,国贸天琴樾,台江 万宝 斗池路,935万,49735元/㎡,2026年建造
2113,fuzhou,连江,毛坯周边配套齐全，地段好,3 室 2 厅 2 卫,104㎡,南,中层(共25层),2025年建造,恒宇国际尚悦,连江 县城 站东路10号,95万,9135元/㎡,2025年建造
2114,fuzhou,晋安,保利国贸天琴湖 晋安湖畔 四代宅 业主诚意出售 随时可看房,4 室 2 厅 3 卫,143㎡,南北,中层(共32层),2024年建造,保利国贸天琴湖,晋安 前横路 前横路,408万,28532元/㎡,2024年建造
2115,fuzhou,仓山,金山地铁口必看房源！品质社区！全屋大金中央空调精装现房！,4 室 2 厅 2 卫,132㎡,南北,高层(共18层),2024年建造,万科城市之光,仓山 金山大道 妙高路,N/A,N/A,2024年建造
2116,fuzhou,闽侯,万科城市花园三房两厅，两位带草地,3 室 2 厅 2 卫,86㎡,东南,低层(共27层),2024年建造,万科城市花园,闽侯 荆溪 荆溪东大道62号,48万,5582元/㎡,2024年建造
2117,fuzhou,闽侯,上街 小三房 中间好楼层 商品房 精装好房 商业配套成熟,3 室 2 厅 1 卫,79㎡,南北,中层(共20层),2024年建造,保利阅江台(B区),闽侯 上街 侯官大道39号,70万,8861元/㎡,2024年建造
2118,fuzhou,晋安,618置业正当时，熙悦府首付10个，618专属福利，专车接送,3 室 2 厅 2 卫,79.33㎡,南北,高层(共17层),2024年建造,福州熙悦府,晋安 五四北 泉头村,82.8万,10438元/㎡,2024年建造
2119,fuzhou,闽侯,保利阅江台(B区) 高楼层视野无遮挡 产权清晰 南向采光好,3 室 2 厅 1 卫,78㎡,南,高层(共15层),2025年建造,保利阅江台(B区),闽侯 上街 侯官大道39号,69万,8847元/㎡,2025年建造
2120,fuzhou,晋安,独户 纯商品房 高层东端户 南北通透 临地铁 毛坯品质住宅,5 室 2 厅 3 卫,160㎡,南北,高层(共20层),2024年建造,榕发悦乐郡(三区),晋安 东二环 塔头路385号,458万,28625元/㎡,2024年建造
2121,fuzhou,仓山,新出 带大花园 现房 改善大平层 江南尚璟,4 室 2 厅 3 卫,125.37㎡,南北,低层(共8层),2025年建造,建总江南尚璟,仓山 连江南路 东藤路,295万,23531元/㎡,2025年建造
2122,fuzhou,仓山,5.6米层高 单身公寓   即住 地铁口 可出租可自住,2 室 2 厅 2 卫,39㎡,南北,低层(共26层),2025年建造,万科云城,仓山 火车南站 三江路3号,33万,8462元/㎡,2025年建造
2123,fuzhou,晋安,五四北！近泰禾广场！电梯精装中层三房两卫！拎包入住,3 室 2 厅 2 卫,79.37㎡,南北,中层(共16层),2025年建造,福州熙悦府,晋安 五四北 泉头村,71万,8946元/㎡,2025年建造
2124,fuzhou,晋安,保利国贸天琴湖，高层偶数层，中心  ，全景晋安湖，急售可谈！,4 室 2 厅 3 卫,188㎡,东南,高层(共32层),2024年建造,保利国贸天琴湖,晋安 前横路 前横路,558万,29681元/㎡,2024年建造
2125,fuzhou,台江,望熙雅筑A区 3室2厅1卫,3 室 2 厅 1 卫,90㎡,西南,高层(共29层),2025年建造,榕发望熙雅筑A区,台江 万宝 交通西路,165万,18334元/㎡,2025年建造
2126,fuzhou,台江,望熙雅筑A区 3室1厅1卫,3 室 1 厅 1 卫,90㎡,南,低层(共29层),2025年建造,榕发望熙雅筑A区,台江 万宝 交通西路,149万,16556元/㎡,2025年建造
2127,fuzhou,台江,望熙雅筑  90平   一套精装在售 端头户型 三房,3 室 2 厅 1 卫,89㎡,南北,中层(共20层),2025年建造,榕发望熙雅筑A区,台江 万宝 交通西路,188万,21124元/㎡,2025年建造
2128,fuzhou,仓山,万科城市之光 南向采光好 中间好楼层 产权清晰 装修好,3 室 2 厅 2 卫,89㎡,南,中层(共18层),2025年建造,万科城市之光,仓山 金山大道 妙高路,N/A,N/A,2025年建造
2129,fuzhou,台江,望熙雅筑A区 3室2厅1卫,3 室 2 厅 1 卫,88.8㎡,南,中层(共20层),2025年建造,榕发望熙雅筑A区,台江 万宝 交通西路,158万,17793元/㎡,2025年建造
2130,fuzhou,台江,必卖！宁化地铁口 次新房 端头精装修三房 户型方正价格可谈,3 室 2 厅 1 卫,81㎡,南北,高层(共26层),2024年建造,春江茗郡,台江 万宝 白马南路289号,180万,22223元/㎡,2024年建造
2131,fuzhou,晋安,前横路地铁二号线四号线前屿站 次新社区 东端头 南北通透！,3 室 2 厅 1 卫,91㎡,南北,高层(共23层),2024年建造,凤翔佳园,晋安 福马路 长春路1号,169万,18572元/㎡,2024年建造
2132,fuzhou,晋安,东二环 近医院 中间楼层 交通便捷 近地铁 双卫 小三居,3 室 2 厅 2 卫,90.15㎡,南北,中层(共19层),2024年建造,蓝光里,晋安 东二环 横屿路,145万,16085元/㎡,2024年建造
2133,fuzhou,台江,急售！望熙雅筑高层东端头 社区中心看花园 诚意出价格可以谈,3 室 2 厅 2 卫,105㎡,南北,中层(共34层),2025年建造,榕发望熙雅筑A区,台江 万宝 交通西路,200万,19048元/㎡,2025年建造
2134,fuzhou,晋安,正规商品房 电梯房 次新房 朝南 小三房 出行方便 动静分离,3 室 2 厅 2 卫,83㎡,南,高层(共18层),2025年建造,国贸保利和颂锦原,晋安 五四北 坂中路,185万,22290元/㎡,2025年建造
2135,fuzhou,台江,苏宁广场，宝龙广场，富力中心，东南卫视，高层带电梯看房随时看,3 室 1 厅 1 卫,89.6㎡,南北,高层(共20层),2026年建造,榕发望熙雅筑A区,台江 万宝 交通西路,200万,22322元/㎡,2026年建造
2136,fuzhou,仓山,近万达 金山 紫金九号 仓山万达旁 精装 可谈,3 室 2 厅 2 卫,96.41㎡,南北,低层(共23层),2024年建造,大名城紫金九号,"仓山 浦上大道 建新中路,近凤冈路",216万,22405元/㎡,2024年建造
2137,fuzhou,晋安,前屿双地铁 23年次新商品房 交通商业配套成熟 价格可谈,3 室 2 厅 1 卫,87.42㎡,南北,中层(共27层),2024年建造,旭辉公元大观,晋安 五里亭 长春路55号,176万,20133元/㎡,2024年建造
2138,fuzhou,台江,台江万象城2026年人车分离花园小区榕发望熙本店100多套售,3 室 2 厅 1 卫,105㎡,南北,中层(共33层),2024年建造,榕发望熙雅筑A区,台江 万宝 交通西路,213万,20286元/㎡,2024年建造
2139,fuzhou,仓山,单价2.2万购，白湖亭纯商洋楼，电梯高层，毛坯四房，一梯一户,4 室 2 厅 2 卫,114.02㎡,南北,低层(共15层),2025年建造,建总江南尚璟,仓山 连江南路 东藤路,260万,22804元/㎡,2025年建造
2140,fuzhou,台江,南向采光好 高楼层采光充足 商业配套成熟 有电梯 近地铁,3 室 1 厅 1 卫,90㎡,南,高层(共32层),2025年建造,榕发望熙雅筑A区,台江 万宝 交通西路,195万,21667元/㎡,2025年建造
2141,fuzhou,台江,台江市中心 宝龙万象    25年新房 高层 视野无遮挡,3 室 2 厅 1 卫,88.39㎡,南北,高层(共24层),2025年建造,榕发望熙雅筑A区,台江 万宝 交通西路,169万,19120元/㎡,2025年建造
2142,fuzhou,台江,望熙雅筑A区 3室2厅2卫,3 室 2 厅 2 卫,105㎡,东南,高层(共34层),2025年建造,榕发望熙雅筑A区,台江 万宝 交通西路,215万,20477元/㎡,2025年建造
2143,fuzhou,台江,一手跟单 望熙雅筑 电梯高层 朝南户型 3房 有证 看房方便,3 室 2 厅 1 卫,89.6㎡,南,中层(共32层),2026年建造,榕发望熙雅筑A区,台江 万宝 交通西路,150万,16742元/㎡,2026年建造
2144,fuzhou,台江,望熙雅筑A区 3室2厅2卫,3 室 2 厅 2 卫,90㎡,南北,高层(共29层),2025年建造,榕发望熙雅筑A区,台江 万宝 交通西路,160万,17778元/㎡,2025年建造
2145,fuzhou,仓山,首开榕耀之城，城门板块双地铁口，端户三房，纯商品房，业主急售,3 室 2 厅 2 卫,89.27㎡,南北,低层(共13层),2025年建造,首开融创榕耀之城B区,仓山 福峡路 螺城路48号,119万,13331元/㎡,2025年建造
2146,fuzhou,台江,东端头！    ！    ！南北通透！3房2卫，双阳台！,3 室 2 厅 2 卫,104㎡,南北,高层(共34层),2026年建造,榕发望熙雅筑A区,台江 万宝 交通西路,198万,19039元/㎡,2026年建造
2147,fuzhou,晋安,新出!鲁能公馆三期 电梯高层 精装三房拎包入住 看房密码诚售,3 室 2 厅 2 卫,110㎡,南北,高层(共20层),2024年建造,鲁能公馆三期,晋安 新店 南平东路90号,233万,21182元/㎡,2024年建造
2148,fuzhou,台江,新出！万宝商圈 全新社区望熙雅筑电梯3房端头户型居住密度低,3 室 2 厅 1 卫,90.01㎡,南北,高层(共29层),2025年建造,榕发望熙雅筑A区,台江 万宝 交通西路,166万,18443元/㎡,2025年建造
2149,fuzhou,台江,望熙雅筑A区 3室2厅1卫,3 室 2 厅 1 卫,88.72㎡,西南,高层(共29层),2025年建造,榕发望熙雅筑A区,台江 万宝 交通西路,178万,20064元/㎡,2025年建造
2150,fuzhou,台江,望熙雅筑A区 3室2厅1卫,3 室 2 厅 1 卫,89㎡,东南,高层(共29层),2025年建造,榕发望熙雅筑A区,台江 万宝 交通西路,185万,20787元/㎡,2025年建造
2151,fuzhou,仓山,急售  ，城门附近双地铁，首开榕耀之城洋房刚需  来电享团购,3 室 2 厅 2 卫,89㎡,南北,中层(共11层),2024年建造,首开融创榕耀之城B区,仓山 福峡路 螺城路48号,116万,13034元/㎡,2024年建造
2152,fuzhou,台江,市中心 万象城二环路 新社区 低总价三房 鼓楼台江交界,3 室 2 厅 1 卫,105㎡,南北,中层(共32层),2026年建造,榕发望熙雅筑B区,台江 万宝 交通西路,209万,19905元/㎡,2026年建造
2153,fuzhou,晋安,双卫生间 近医院 电梯房 正南朝向 近地铁 商业配套齐全,3 室 2 厅 2 卫,83㎡,南,低层(共18层),2024年建造,国贸保利和颂锦原,晋安 五四北 坂中路,195万,23494元/㎡,2024年建造
2154,fuzhou,台江,望熙雅筑A区 3室2厅2卫,3 室 2 厅 2 卫,90㎡,南北,低层(共20层),2025年建造,榕发望熙雅筑A区,台江 万宝 交通西路,169万,18778元/㎡,2025年建造
2155,fuzhou,台江,望熙雅筑A区 3室2厅1卫,3 室 2 厅 1 卫,88.5㎡,南北,中层(共20层),2025年建造,榕发望熙雅筑A区,台江 万宝 交通西路,159万,17967元/㎡,2025年建造
2156,fuzhou,台江,A9头排楼栋 榕发望熙雅筑A区 90平 电梯高层3房 不看庙,3 室 1 厅 1 卫,90㎡,南北,高层(共29层),2026年建造,榕发望熙雅筑A区,台江 万宝 交通西路,153万,17000元/㎡,2026年建造
2157,fuzhou,仓山,新出 首开融创榕耀之城 精装三居室 近地铁 双卫生间 好楼层,3 室 1 厅 2 卫,86㎡,南北,中层(共11层),2024年建造,首开融创榕耀之城B区,仓山 福峡路 螺城路48号,112万,13024元/㎡,2024年建造
2158,fuzhou,台江,望熙雅筑A区 3室2厅2卫,3 室 2 厅 2 卫,88.65㎡,西南,高层(共32层),2025年建造,榕发望熙雅筑A区,台江 万宝 交通西路,185万,20869元/㎡,2025年建造
2159,fuzhou,台江,望熙雅筑A区 3室1厅1卫,3 室 1 厅 1 卫,89.23㎡,东南,中层(共24层),2025年建造,榕发望熙雅筑A区,台江 万宝 交通西路,160万,17932元/㎡,2025年建造
2160,fuzhou,晋安,正荣世茂棠悦山南 医疗配套成熟 满五唯一 有电梯 次新房,4 室 2 厅 2 卫,106.84㎡,南北,中层(共27层),2024年建造,正荣世茂棠悦山南,晋安 东二环 塔头路,235万,21996元/㎡,2024年建造
2161,fuzhou,台江,宁化地铁口 榕发望熙雅筑B区 宝龙 万象 苏宁 两室两厅,2 室 2 厅 1 卫,74.51㎡,南,低层(共32层),2026年建造,榕发望熙雅筑B区,台江 万宝 交通西路,125万,16777元/㎡,2026年建造
2162,fuzhou,台江,一手跟单 榕发望熙雅筑 电梯高层 90平 3房户型 多套有锁,3 室 2 厅 1 卫,90㎡,南,高层(共32层),2026年建造,榕发望熙雅筑A区,台江 万宝 交通西路,148万,16445元/㎡,2026年建造
2163,fuzhou,晋安,国贸保利和颂锦原 次新房 居住密度低 三房两卫 动静分离热门,3 室 2 厅 2 卫,95㎡,南北,低层(共18层),2025年建造,国贸保利和颂锦原,晋安 五四北 坂中路,198万,20843元/㎡,2025年建造
2164,fuzhou,台江,榕发国企打造，万象城望熙雅筑，白马河新盘，电梯中层东端头三房,3 室 2 厅 2 卫,103.24㎡,南北,中层(共33层),2026年建造,榕发望熙雅筑A区,台江 万宝 交通西路,200万,19373元/㎡,2026年建造
2165,fuzhou,晋安,鲁能公馆三期 医疗配套成熟 交通便利 购物方便 高楼层视野好,3 室 2 厅 2 卫,95㎡,南北,高层(共25层),2024年建造,鲁能公馆三期,晋安 新店 南平东路90号,198万,20843元/㎡,2024年建造
2166,fuzhou,晋安,五四北 正规商品房 交通便利 有电梯 满二 小三居 临地铁,3 室 2 厅 2 卫,95㎡,南北,低层(共18层),2025年建造,国贸保利和颂锦原,晋安 五四北 坂中路,198万,20843元/㎡,2025年建造
2167,fuzhou,晋安,满二   刚需小三居 购物方便 高楼层采光充足 临地铁,3 室 2 厅 1 卫,89.53㎡,西南,高层(共33层),2024年建造,锦鸿佳园,晋安 福马路 七贤路2号,155万,17313元/㎡,2024年建造
2168,fuzhou,台江,望熙90平端头户型结构超好168万三房高层,3 室 1 厅 1 卫,89㎡,西南,高层(共29层),2025年建造,榕发望熙雅筑A区,台江 万宝 交通西路,168万,18877元/㎡,2025年建造
2169,fuzhou,台江,榕发望熙雅筑A区 小三房 近地铁 出行方便 带电梯 次新小区,3 室 2 厅 1 卫,89㎡,南北,低层(共32层),2025年建造,榕发望熙雅筑A区,台江 万宝 交通西路,143万,16068元/㎡,2025年建造
2170,fuzhou,台江,榕发望熙雅筑A区 中间楼层采光好 商业配套齐全 小三房,3 室 2 厅 1 卫,88㎡,南北,中层(共29层),2026年建造,榕发望熙雅筑A区,台江 万宝 交通西路,155万,17614元/㎡,2026年建造
2171,fuzhou,台江,出行方便 购物方便 临地铁 带电梯 刚需小三居 次新房,3 室 1 厅 1 卫,90㎡,南,低层(共24层),2025年建造,榕发望熙雅筑A区,台江 万宝 交通西路,200万,22223元/㎡,2025年建造
2172,fuzhou,台江,宁化地铁口，万象城旁，新房 望熙雅筑A区 3室2厅2卫,3 室 2 厅 2 卫,103.27㎡,东南,高层(共34层),2025年建造,榕发望熙雅筑A区,台江 万宝 交通西路,215万,20820元/㎡,2025年建造
2173,fuzhou,台江,刚交房的新社区，榕发望熙雅筑，商品房物业管理，万宝核心商圈,3 室 2 厅 2 卫,105㎡,南北,高层(共33层),2025年建造,榕发望熙雅筑A区,台江 万宝 交通西路,199万,18953元/㎡,2025年建造
2174,fuzhou,台江,万宝商圈，望熙雅筑A区，电梯小高层，南北通透，全明户型，茶亭,3 室 2 厅 1 卫,89㎡,南北,中层(共24层),2026年建造,榕发望熙雅筑A区,台江 万宝 交通西路,153万,17192元/㎡,2026年建造
2175,fuzhou,台江,茶亭公园旁，望熙雅筑A区，全明3房，厅带阳台，西洋地铁，宝龙,3 室 2 厅 1 卫,89㎡,南北,低层(共32层),2026年建造,榕发望熙雅筑A区,台江 万宝 交通西路,149万,16742元/㎡,2026年建造
2176,fuzhou,台江,有证出售 万宝商圈 刚交房社区 电梯端头3房 人车分流,3 室 2 厅 1 卫,89㎡,南北,低层(共32层),2025年建造,榕发望熙雅筑A区,台江 万宝 交通西路,150万,16854元/㎡,2025年建造
2177,fuzhou,晋安,国贸保利和颂锦原 次新房 交通便利 装修好 购物方便 电梯房,3 室 2 厅 1 卫,82.79㎡,南北,低层(共18层),2025年建造,国贸保利和颂锦原,晋安 五四北 坂中路,180万,21742元/㎡,2025年建造
2178,fuzhou,台江,望熙端头户型可以看半个福州城215万103平,3 室 2 厅 2 卫,103.18㎡,西南,高层(共34层),2025年建造,榕发望熙雅筑A区,台江 万宝 交通西路,215万,20838元/㎡,2025年建造
2179,fuzhou,台江,2025年台江万象城人车分离社区纯毛坯本店100多套出售,3 室 2 厅 1 卫,88.54㎡,南北,高层(共32层),2025年建造,榕发望熙雅筑A区,台江 万宝 交通西路,149万,16829元/㎡,2025年建造
2180,fuzhou,台江,望熙雅筑B区 2室2厅1卫,2 室 2 厅 1 卫,60㎡,西北,高层(共24层),2026年建造,榕发望熙雅筑B区,台江 万宝 交通西路,115万,19167元/㎡,2026年建造
2181,fuzhou,台江,主营楼盘 榕发望熙雅筑 88平 端头户型 南北通透 有锁,3 室 2 厅 1 卫,88㎡,南北,中层(共32层),2026年建造,榕发望熙雅筑A区,台江 万宝 交通西路,165万,18750元/㎡,2026年建造
2182,fuzhou,台江,望熙雅筑A区 3室2厅1卫,3 室 2 厅 1 卫,88㎡,东南,高层(共32层),2025年建造,榕发望熙雅筑A区,台江 万宝 交通西路,180万,20455元/㎡,2025年建造
2183,fuzhou,台江,榕发望熙雅筑A区 医疗配套成熟 三房两卫格局 南北通透电梯房,3 室 2 厅 2 卫,103㎡,南北,中层(共33层),2025年建造,榕发望熙雅筑A区,台江 万宝 交通西路,190万,18447元/㎡,2025年建造
2184,fuzhou,台江,新出万宝商圈地铁二号线2026年社区望熙雅筑端头三房（有证）,3 室 2 厅 1 卫,90㎡,南北,中层(共24层),2026年建造,榕发望熙雅筑A区,台江 万宝 交通西路,190万,21112元/㎡,2026年建造
2185,fuzhou,仓山,精装2.1，要结婚，要品质！看这里！金山地铁口江景房！纯商!,3 室 2 厅 2 卫,91.72㎡,北,高层(共24层),2025年建造,万科城市之光,仓山 金山大道 妙高路,N/A,N/A,2025年建造
2186,fuzhou,台江,万象城背后次新楼盘 全新精装修未入住 2房 全明户型 急出中,2 室 1 厅 1 卫,75㎡,南北,低层(共32层),2026年建造,榕发望熙雅筑B区,台江 万宝 交通西路,129.2万,17227元/㎡,2026年建造
2187,fuzhou,台江,望熙雅筑 不看庙不沿二环 20楼以下不担心冬天日照 性价比高,3 室 2 厅 1 卫,88.57㎡,南北,高层(共29层),2025年建造,榕发望熙雅筑A区,台江 万宝 交通西路,155万,17501元/㎡,2025年建造
2188,fuzhou,台江,望熙雅筑A区 3室2厅2卫,3 室 2 厅 2 卫,103.2㎡,西南,中层(共34层),2025年建造,榕发望熙雅筑A区,台江 万宝 交通西路,208万,20156元/㎡,2025年建造
2189,fuzhou,晋安,世茂东望 次新小区 商品住宅 购物方便 高楼层采光充足 出行,2 室 2 厅 1 卫,75㎡,南北,高层(共25层),2024年建造,世茂东望,晋安 东二环 桂香街90号,158万,21067元/㎡,2024年建造
2190,fuzhou,仓山,三叉街 南台大道 商品房 人车分流 全明户型 近地铁生活方便,3 室 2 厅 2 卫,95.79㎡,南北,高层(共14层),2024年建造,中骏世界城璟悦(一期),仓山 三叉街 利民路10号,206万,21506元/㎡,2024年建造
2191,fuzhou,台江,带电梯 南北通透 商业配套成熟 小三居 次新房 临地铁,3 室 2 厅 1 卫,90㎡,南北,低层(共24层),2025年建造,榕发望熙雅筑A区,台江 万宝 交通西路,179万,19889元/㎡,2025年建造
2192,fuzhou,仓山,次新房 商品住宅 低密宜居 双卫生间 装修好 小三居,3 室 2 厅 2 卫,89㎡,南北,高层(共15层),2025年建造,左海望悦,仓山 则徐大道 双洲路1号,199万,22360元/㎡,2025年建造
2193,fuzhou,台江,台江万宝商圈必看！次新社区！端头大三房户型！主城区品质社区！,3 室 2 厅 1 卫,90㎡,南北,高层(共29层),2025年建造,榕发望熙雅筑A区,台江 万宝 交通西路,196万,21778元/㎡,2025年建造
2194,fuzhou,台江,主营楼盘 榕发望熙雅筑 105平 端头户型 3房 电梯新社区,3 室 2 厅 2 卫,105㎡,南北,中层(共32层),2026年建造,榕发望熙雅筑B区,台江 万宝 交通西路,208万,19810元/㎡,2026年建造
2195,fuzhou,晋安,塔头 世茂东望 商业配套成熟 近医院 次新小区 中间楼层采光,3 室 2 厅 1 卫,88.02㎡,南北,中层(共25层),2024年建造,世茂东望,晋安 东二环 桂香街90号,205万,23291元/㎡,2024年建造
2196,fuzhou,晋安,找我享内部价 左海星悦颂 电梯房 高楼层视野好 南北通透,3 室 2 厅 2 卫,89㎡,南北,高层(共33层),2024年建造,左海星悦颂,晋安 王庄 秀坂路9号,N/A,N/A,2024年建造
2197,fuzhou,台江,福州   的   社区 90M全明户型 日照足 近宝龙万象城,3 室 2 厅 1 卫,90㎡,南北,高层(共24层),2025年建造,榕发望熙雅筑A区,台江 万宝 交通西路,190万,21112元/㎡,2025年建造
2198,fuzhou,仓山,诚意出售市中心1号线地铁口  左海望悦89精装3房拎包入住,3 室 2 厅 2 卫,89㎡,南北,低层(共15层),2024年建造,左海望悦,仓山 则徐大道 双洲路1号,189万,21236元/㎡,2024年建造
2199,fuzhou,台江,台江区      望熙雅筑三房（百套房源选择）,3 室 2 厅 1 卫,90㎡,南北,低层(共32层),2025年建造,榕发望熙雅筑A区,台江 万宝 交通西路,155万,17223元/㎡,2025年建造
2200,fuzhou,台江,新出！急！望熙雅筑 电梯三房 看房有钥匙 采光好 户型方正,3 室 2 厅 1 卫,89㎡,南北,低层(共24层),2025年建造,榕发望熙雅筑A区,台江 万宝 交通西路,140万,15731元/㎡,2025年建造
2201,fuzhou,台江,万宝商圈，望熙雅筑A区，电梯中高层，厅带大窗户.阳光充足宝龙,3 室 2 厅 1 卫,89㎡,南北,高层(共29层),2025年建造,榕发望熙雅筑A区,台江 万宝 交通西路,155万,17416元/㎡,2025年建造
2202,fuzhou,仓山,左海望悦 南北通透 刚需小三居 双卫生间 商品住宅 装修好,3 室 2 厅 2 卫,88.6㎡,南北,低层(共15层),2025年建造,左海望悦,仓山 则徐大道 双洲路1号,183万,20655元/㎡,2025年建造
2203,fuzhou,晋安,地铁二号线四号线前屿站 新交房人车分离社区 电梯端头三房！,3 室 2 厅 2 卫,106.06㎡,南北,中层(共26层),2024年建造,大东海晋棠府一期,晋安 前横路 后屿路,199万,18763元/㎡,2024年建造
2204,fuzhou,仓山,业主急售丨中骏世界城丨中骏商城边丨三叉街地铁口丨双商圈丨急售,3 室 2 厅 2 卫,96.14㎡,南北,中层(共16层),2024年建造,中骏世界城璟悦(一期),仓山 三叉街 利民路10号,198万,20595元/㎡,2024年建造
2205,fuzhou,台江,25年次新房，东端头全明三房两卫双阳台，社区人车分流价格可谈,3 室 2 厅 2 卫,103.19㎡,东南,低层(共34层),2025年建造,榕发望熙雅筑A区,台江 万宝 交通西路,195万,18898元/㎡,2025年建造
2206,fuzhou,晋安,晋安湖旁二号线五里亭站次新盘自住精装阳光充足高层视野开阔,3 室 2 厅 2 卫,97.03㎡,南北,中层(共26层),2024年建造,融侨望云,晋安 王庄 连江中路63号,270万,27827元/㎡,2024年建造
2207,fuzhou,晋安,榕发夏荷郡三区 刚需小三居 满五 双卫格局 中间楼层采光好,3 室 2 厅 2 卫,106㎡,东南,中层(共22层),2024年建造,榕发夏荷郡三区,晋安 新店 盘石路765号,198万,18680元/㎡,2024年建造
2208,fuzhou,晋安,中建岳前雅居 双卫生间 正规商品房 朝南 带电梯 交通便捷,3 室 2 厅 2 卫,91.79㎡,南,高层(共26层),2024年建造,中建岳前雅居,晋安 东二环 岳峰横路68号,200万,21789元/㎡,2024年建造
2209,fuzhou,台江,望熙雅筑A区 3室2厅2卫,3 室 2 厅 2 卫,105㎡,南北,低层(共20层),2025年建造,榕发望熙雅筑A区,台江 万宝 交通西路,220万,20953元/㎡,2025年建造
2210,fuzhou,台江,新出万象城地铁口旁2026年社区望熙雅筑电梯高层三房,3 室 2 厅 1 卫,88.6㎡,南北,高层(共24层),2026年建造,榕发望熙雅筑A区,台江 万宝 交通西路,143万,16140元/㎡,2026年建造
2211,fuzhou,台江,榕发望熙雅筑A区 南北通透 带电梯 商品住宅 交通便利,3 室 1 厅 1 卫,88㎡,南北,低层(共30层),2026年建造,榕发望熙雅筑A区,台江 万宝 交通西路,168万,19091元/㎡,2026年建造
2212,fuzhou,晋安,鲁能公馆三期 看湖 视野无遮挡 电梯高层精装3房 看房有密码,3 室 2 厅 2 卫,95㎡,南北,高层(共25层),2024年建造,鲁能公馆三期,晋安 新店 南平东路90号,213万,22422元/㎡,2024年建造
2213,fuzhou,仓山,少红实地探访纯商洋房一梯两户端头,3 室 2 厅 2 卫,91.33㎡,南北,中层(共7层),2024年建造,融信海纳新潮,仓山 则徐大道 则徐大道,165万,18067元/㎡,2024年建造
2214,fuzhou,台江,望熙雅筑 端头户型 3房 利用率高 东南北全明,3 室 1 厅 1 卫,90㎡,南北,低层(共32层),2026年建造,榕发望熙雅筑A区,台江 万宝 交通西路,165万,18334元/㎡,2026年建造
2215,fuzhou,台江,新出 主营楼盘 榕发望熙雅筑 90平 端头户型 多套有锁,3 室 2 厅 1 卫,90㎡,南北,低层(共24层),2026年建造,榕发望熙雅筑A区,台江 万宝 交通西路,162万,18000元/㎡,2026年建造
2216,fuzhou,晋安,中海品质住宅，晋安湖旁，低密次新社区，四号线地铁口，业主急售,3 室 2 厅 2 卫,100㎡,南北,高层(共20层),2024年建造,中海叁号院B区,晋安 前横路 鱼山路3号,235万,23500元/㎡,2024年建造
2217,fuzhou,晋安,急！五里亭 纯商品新房 大三房 全明视野采光好,3 室 2 厅 2 卫,89㎡,南北,低层(共20层),2024年建造,大东海玺悦,晋安 王庄 藕塘巷8号,179万,20113元/㎡,2024年建造
2218,fuzhou,台江,新璟阁 就四栋 低密度 临地铁 商业配套齐全 社区环境非常好,3 室 1 厅 1 卫,89.34㎡,南北,高层(共15层),2024年建造,新璟阁,台江 万宝 宁化路7号,210万,23506元/㎡,2024年建造
2219,fuzhou,台江,榕发望熙雅筑 台江宝龙配套成熟 三房两卫格局 南北通透电梯房,3 室 2 厅 1 卫,88㎡,南北,高层(共24层),2025年建造,榕发望熙雅筑A区,台江 万宝 交通西路,158万,17955元/㎡,2025年建造
2220,fuzhou,台江,交通便捷 商业配套成熟 南北通透 中间楼层 次新房 临地铁,3 室 2 厅 1 卫,89㎡,南北,中层(共24层),2025年建造,榕发望熙雅筑A区,台江 万宝 交通西路,156万,17529元/㎡,2025年建造
2221,fuzhou,台江,望熙雅筑南北通透 临地铁 次新房 刚需小三居，低总价,3 室 1 厅 1 卫,90㎡,南北,低层(共32层),2026年建造,榕发望熙雅筑A区,台江 万宝 交通西路,163万,18112元/㎡,2026年建造
2222,fuzhou,台江,急！阳光十足 望熙B区 高层三房两卫 房东诚意出 价格可以谈,3 室 2 厅 2 卫,105㎡,南北,高层(共32层),2025年建造,榕发望熙雅筑B区,台江 万宝 交通西路,203万,19334元/㎡,2025年建造
2223,fuzhou,台江,望熙雅筑A区 3室2厅2卫,3 室 2 厅 2 卫,105㎡,东南,低层(共33层),2025年建造,榕发望熙雅筑A区,台江 万宝 交通西路,180万,17143元/㎡,2025年建造
2224,fuzhou,晋安,琴亭湖旁 鲁能三期 精装3房 南北通透 拎包即住,3 室 2 厅 2 卫,95㎡,南北,低层(共25层),2024年建造,鲁能公馆三期,晋安 新店 南平东路90号,231万,24316元/㎡,2024年建造
2225,fuzhou,晋安,五里亭2号地铁 南北通透 购物方便 临地铁 次新小区 商品房,3 室 2 厅 2 卫,89㎡,南北,低层(共20层),2024年建造,大东海玺悦,晋安 王庄 藕塘巷8号,180万,20225元/㎡,2024年建造
2226,fuzhou,台江,榕发望熙雅筑A区 刚需小三居 医疗配套成熟 次新房 购物方便,3 室 2 厅 2 卫,89㎡,南北,高层(共24层),2025年建造,榕发望熙雅筑A区,台江 万宝 交通西路,158万,17753元/㎡,2025年建造
2227,fuzhou,台江,榕发望熙雅筑A区 临地铁 次新房 南北通透 近医院 购物方便,3 室 2 厅 1 卫,89㎡,南北,高层(共24层),2025年建造,榕发望熙雅筑A区,台江 万宝 交通西路,158万,17753元/㎡,2025年建造
2228,fuzhou,晋安,建总云璟未来！近鼓楼国企品质楼盘！高层视野好！1号F1双地铁,3 室 2 厅 2 卫,89㎡,南北,中层(共27层),2026年建造,建总云璟未来,晋安 火车站 站西路63号,189万,21236元/㎡,2026年建造
2229,fuzhou,台江,万宝商圈 2026年人车分流社区 电梯3房 有证 满意可谈,3 室 2 厅 1 卫,89㎡,南北,高层(共32层),2026年建造,榕发望熙雅筑A区,台江 万宝 交通西路,156万,17529元/㎡,2026年建造
2230,fuzhou,仓山,仓山地铁口万科城市之光三房两卫 精装送家具家电，房东急售,3 室 2 厅 2 卫,89㎡,南,低层(共18层),2025年建造,万科城市之光,仓山 金山大道 妙高路,N/A,N/A,2025年建造
2231,fuzhou,仓山,南二环左海望悦！国企精装现房！家门口1号地铁  商场！送车位,3 室 2 厅 2 卫,89㎡,南北,高层(共15层),2025年建造,左海望悦,仓山 则徐大道 双洲路1号,209万,23484元/㎡,2025年建造
2232,fuzhou,台江,台江新房，国企品质二环内，电梯东南向，万宝商圈，宜居大盘,3 室 2 厅 2 卫,88.54㎡,南北,中层(共32层),2025年建造,榕发望熙雅筑A区,台江 万宝 交通西路,155万,17507元/㎡,2025年建造
2233,fuzhou,台江,宝龙万象城旁电梯大2房 高层厅带阳台 采光好宁化地铁口,2 室 2 厅 1 卫,74㎡,南,高层(共33层),2025年建造,榕发望熙雅筑A区,台江 万宝 交通西路,128万,17298元/㎡,2025年建造
2234,fuzhou,晋安,惊！     实景现房 火车站地铁口,3 室 2 厅 2 卫,89.83㎡,南北,低层(共23层),2026年建造,建总云璟未来,晋安 火车站 站西路63号,189万,21040元/㎡,2026年建造
2235,fuzhou,台江,宝龙广场 近地铁 出行方便 小三房 医疗配套成熟,3 室 1 厅 1 卫,88.51㎡,南北,低层(共29层),2026年建造,榕发望熙雅筑A区,台江 万宝 交通西路,168万,18981元/㎡,2026年建造
